id,MLM,HLM
TEST_000,46.006042,55.91827
TEST_001,63.236343,79.33024
TEST_002,33.690517,42.626545
TEST_003,57.19704,70.10401
TEST_004,52.649853,75.444405
TEST_005,63.570698,77.95139
TEST_006,22.656448,40.348778
TEST_007,31.415825,49.244446
TEST_008,11.756685,24.23458
TEST_009,23.922855,46.831367
TEST_010,32.482506,49.333866
TEST_011,63.126926,80.33857
TEST_012,49.555214,62.68279
TEST_013,33.524334,50.61261
TEST_014,15.38702,29.006205
TEST_015,47.06768,61.71024
TEST_016,31.764488,43.94522
TEST_017,41.08579,57.46723
TEST_018,72.2569,86.22897
TEST_019,51.5253,69.051315
TEST_020,10.253282,32.560074
TEST_021,3.8380492,10.068224
TEST_022,18.380684,28.52384
TEST_023,23.272205,38.262653
TEST_024,17.278362,29.904558
TEST_025,19.980839,33.54873
TEST_026,27.916407,44.467575
TEST_027,65.6541,84.127464
TEST_028,53.169495,77.331276
TEST_029,16.356377,23.578245
TEST_030,41.518806,53.598743
TEST_031,12.482638,23.598272
TEST_032,11.981155,23.798021
TEST_033,16.67812,32.216095
TEST_034,20.464664,39.30573
TEST_035,19.67232,32.39893
TEST_036,40.252335,61.641045
TEST_037,48.845474,69.15359
TEST_038,22.867603,38.8279
TEST_039,21.460371,38.418736
TEST_040,28.796518,43.74061
TEST_041,72.633415,101.03533
TEST_042,7.9164534,13.383888
TEST_043,13.7201805,21.107162
TEST_044,13.825111,32.979084
TEST_045,75.67711,87.28282
TEST_046,20.111319,35.227036
TEST_047,8.228685,20.455769
TEST_048,60.273067,75.77633
TEST_049,18.300613,32.106094
TEST_050,64.14425,75.91218
TEST_051,26.650341,40.98222
TEST_052,28.887827,41.232952
TEST_053,34.335938,45.666397
TEST_054,16.89615,32.87188
TEST_055,15.221892,28.068476
TEST_056,38.898766,52.888996
TEST_057,54.997505,68.74861
TEST_058,43.337437,50.809303
TEST_059,30.99012,43.00051
TEST_060,35.075687,51.728428
TEST_061,56.21694,78.455185
TEST_062,38.51714,48.313934
TEST_063,54.66086,70.621254
TEST_064,18.2169,35.905518
TEST_065,32.68938,50.511593
TEST_066,52.969666,72.487785
TEST_067,46.13806,59.92573
TEST_068,35.283546,49.79592
TEST_069,33.87681,56.194237
TEST_070,18.354568,31.51171
TEST_071,14.709414,21.683104
TEST_072,31.431469,51.763344
TEST_073,69.97843,81.87499
TEST_074,20.954727,34.06351
TEST_075,76.72425,92.53108
TEST_076,51.513077,90.203606
TEST_077,43.05825,49.481297
TEST_078,39.81466,53.932564
TEST_079,19.688843,27.627087
TEST_080,79.838524,95.9681
TEST_081,44.45109,53.798706
TEST_082,24.698471,40.50634
TEST_083,10.863032,21.376535
TEST_084,17.43139,33.970516
TEST_085,57.725372,70.16988
TEST_086,39.208633,56.27526
TEST_087,70.63282,84.5881
TEST_088,39.07139,50.518314
TEST_089,68.23819,86.67985
TEST_090,27.07395,42.9013
TEST_091,29.602009,42.423122
TEST_092,25.983568,37.97745
TEST_093,24.411543,45.439384
TEST_094,64.41106,77.596436
TEST_095,17.908016,38.331047
TEST_096,50.07136,64.02561
TEST_097,65.77627,77.175316
TEST_098,22.466438,36.785553
TEST_099,9.8931465,17.266708
TEST_100,64.19232,77.12051
TEST_101,13.290601,24.919327
TEST_102,58.03775,76.99703
TEST_103,47.501793,71.98493
TEST_104,41.04612,53.82477
TEST_105,35.722,51.065514
TEST_106,35.590275,43.43439
TEST_107,63.25373,78.24758
TEST_108,52.41604,69.305626
TEST_109,22.13513,36.914482
TEST_110,40.867996,58.807888
TEST_111,25.560766,51.1278
TEST_112,19.694477,30.764275
TEST_113,46.959843,63.805332
TEST_114,35.29056,55.709637
TEST_115,6.553959,18.407825
TEST_116,12.567678,19.95285
TEST_117,47.137398,68.53697
TEST_118,39.709618,58.424454
TEST_119,21.593136,37.13426
TEST_120,61.9378,77.44253
TEST_121,41.95797,59.043766
TEST_122,31.519001,41.539467
TEST_123,45.92762,66.49004
TEST_124,10.566287,21.620935
TEST_125,59.850056,74.43445
TEST_126,24.988554,56.401295
TEST_127,46.027397,64.37164
TEST_128,56.31727,84.93699
TEST_129,10.611536,16.123913
TEST_130,35.46487,55.844078
TEST_131,20.365225,30.876154
TEST_132,15.291513,32.042336
TEST_133,28.5365,43.416965
TEST_134,21.510902,35.279095
TEST_135,24.599869,40.63713
TEST_136,59.54303,77.7933
TEST_137,40.94925,55.060665
TEST_138,14.906261,27.390272
TEST_139,40.044285,56.025433
TEST_140,20.153288,38.966396
TEST_141,14.406586,24.75655
TEST_142,47.24531,58.25812
TEST_143,22.786682,35.635906
TEST_144,49.961773,68.63218
TEST_145,11.687695,25.52758
TEST_146,73.67521,84.63896
TEST_147,62.739727,84.48361
TEST_148,12.94533,25.52503
TEST_149,26.611506,52.60323
TEST_150,22.550468,42.176525
TEST_151,59.33214,78.313774
TEST_152,45.821026,63.998775
TEST_153,14.710773,34.944187
TEST_154,37.902473,47.698536
TEST_155,30.172352,45.25866
TEST_156,32.45247,58.482082
TEST_157,23.755848,39.371223
TEST_158,36.47822,48.360798
TEST_159,15.193632,26.966394
TEST_160,63.754295,75.00858
TEST_161,47.58761,70.512405
TEST_162,60.864933,72.38044
TEST_163,58.353542,74.2803
TEST_164,28.645435,46.22396
TEST_165,54.924313,82.15866
TEST_166,15.378099,30.164602
TEST_167,39.116257,61.42431
TEST_168,55.45846,75.26174
TEST_169,14.786842,25.717415
TEST_170,19.171265,37.41428
TEST_171,21.99782,36.595333
TEST_172,18.493757,36.804882
TEST_173,6.6899137,11.88945
TEST_174,21.140627,25.02072
TEST_175,53.269516,71.26113
TEST_176,46.99012,66.238556
TEST_177,32.356754,43.864094
TEST_178,21.560127,40.976868
TEST_179,22.764982,39.7158
TEST_180,32.91679,57.289593
TEST_181,30.996054,41.486126
TEST_182,27.672926,41.12306
TEST_183,8.749991,14.35574
TEST_184,34.418697,47.37598
TEST_185,13.649193,25.486788
TEST_186,18.155668,26.383919
TEST_187,34.327797,59.914883
TEST_188,3.3708081,10.326378
TEST_189,32.848007,45.408955
TEST_190,50.538345,62.98082
TEST_191,19.735983,36.782944
TEST_192,9.245115,14.057774
TEST_193,32.86399,46.94838
TEST_194,24.689713,39.364807
TEST_195,27.253357,44.24688
TEST_196,49.212242,56.91542
TEST_197,16.974117,32.615784
TEST_198,77.30928,96.846825
TEST_199,48.977097,74.22113
TEST_200,30.614359,51.654064
TEST_201,14.680231,30.361734
TEST_202,76.02796,87.77369
TEST_203,47.59254,61.62852
TEST_204,32.732025,50.637863
TEST_205,26.011164,44.937317
TEST_206,16.794815,25.857265
TEST_207,23.561464,33.511772
TEST_208,27.456057,39.4163
TEST_209,27.568735,41.251225
TEST_210,46.604084,60.78348
TEST_211,42.139336,56.88866
TEST_212,11.576494,24.198366
TEST_213,21.312904,36.00726
TEST_214,18.073647,42.045284
TEST_215,27.32108,41.65705
TEST_216,22.315424,33.115166
TEST_217,55.52834,69.40964
TEST_218,71.71317,82.82451
TEST_219,25.540115,37.360332
TEST_220,12.713433,36.612778
TEST_221,24.28867,43.09924
TEST_222,5.2864656,6.530751
TEST_223,70.62423,81.79846
TEST_224,50.330997,70.10184
TEST_225,43.359104,61.27054
TEST_226,25.56341,39.87795
TEST_227,8.799716,17.987347
TEST_228,39.185074,56.712463
TEST_229,27.516563,43.60493
TEST_230,19.155643,30.877174
TEST_231,30.524233,43.779408
TEST_232,19.593939,34.66317
TEST_233,24.988783,35.616486
TEST_234,15.010165,26.329332
TEST_235,46.223618,59.14915
TEST_236,16.133041,28.718681
TEST_237,24.74417,40.340633
TEST_238,26.19427,43.32904
TEST_239,46.980896,65.18284
TEST_240,44.565773,54.37194
TEST_241,39.26176,63.26354
TEST_242,71.98309,83.14921
TEST_243,25.102633,37.654892
TEST_244,42.853176,56.00871
TEST_245,82.89147,95.30381
TEST_246,79.55399,94.96407
TEST_247,26.751783,49.997486
TEST_248,38.15828,66.612404
TEST_249,35.459255,54.362213
TEST_250,59.66487,68.9426
TEST_251,23.744556,35.06801
TEST_252,56.828888,76.58395
TEST_253,20.48371,41.02143
TEST_254,88.02125,102.27844
TEST_255,28.668386,50.67247
TEST_256,61.15723,88.08035
TEST_257,41.872463,63.24878
TEST_258,40.29464,53.71196
TEST_259,66.66862,86.022415
TEST_260,28.293875,43.931385
TEST_261,67.29327,82.07657
TEST_262,26.82936,40.506374
TEST_263,28.607077,55.247906
TEST_264,17.01193,33.45912
TEST_265,30.202827,43.741333
TEST_266,19.655094,34.54025
TEST_267,47.47886,55.77566
TEST_268,51.53674,67.11224
TEST_269,4.5316906,11.498573
TEST_270,67.92898,81.6383
TEST_271,47.202198,59.881428
TEST_272,44.07665,53.708153
TEST_273,33.348576,55.339603
TEST_274,14.539209,30.935074
TEST_275,13.364648,26.172155
TEST_276,33.946945,39.893246
TEST_277,53.972958,74.28742
TEST_278,16.47306,23.98644
TEST_279,28.472479,44.213326
TEST_280,12.943335,21.384819
TEST_281,21.294315,31.997515
TEST_282,18.654514,33.143147
TEST_283,69.442856,82.00655
TEST_284,48.1544,57.49252
TEST_285,68.45633,85.66195
TEST_286,68.72986,81.680016
TEST_287,54.98757,77.840965
TEST_288,25.015411,40.852516
TEST_289,26.077393,43.54459
TEST_290,13.585931,24.127293
TEST_291,21.915297,39.084892
TEST_292,47.30921,59.49903
TEST_293,34.6248,42.369812
TEST_294,56.216656,75.81878
TEST_295,29.088543,41.457115
TEST_296,16.909946,26.45442
TEST_297,28.157177,52.58497
TEST_298,50.345455,65.98198
TEST_299,38.623066,65.71037
TEST_300,32.159363,60.912556
TEST_301,65.73252,76.62774
TEST_302,52.353504,68.1013
TEST_303,19.589663,34.76047
TEST_304,25.075935,41.97838
TEST_305,10.073845,15.872494
TEST_306,69.02515,80.73405
TEST_307,16.791391,27.055143
TEST_308,23.300016,30.36407
TEST_309,29.335062,47.729046
TEST_310,36.77557,56.754562
TEST_311,51.993984,66.93276
TEST_312,7.5589275,22.026602
TEST_313,33.800632,45.792953
TEST_314,17.855886,36.764725
TEST_315,43.999332,71.60838
TEST_316,14.739135,28.354559
TEST_317,36.444134,52.39064
TEST_318,28.319782,49.6506
TEST_319,63.122208,74.47976
TEST_320,28.01795,41.40096
TEST_321,30.948175,49.433815
TEST_322,51.992504,61.25554
TEST_323,28.65659,45.001923
TEST_324,31.033804,48.36741
TEST_325,28.30581,41.77596
TEST_326,22.704042,40.498817
TEST_327,79.23158,97.73093
TEST_328,62.334957,74.76405
TEST_329,26.39193,37.57828
TEST_330,67.835,81.73185
TEST_331,15.088281,31.0775
TEST_332,23.659067,35.602
TEST_333,27.455084,47.27071
TEST_334,64.95136,81.4615
TEST_335,18.524267,28.66461
TEST_336,22.371668,32.39035
TEST_337,44.89364,65.68885
TEST_338,30.015507,39.458027
TEST_339,10.109754,14.142252
TEST_340,12.441172,26.081108
TEST_341,70.75496,98.6005
TEST_342,25.209509,37.580654
TEST_343,41.882767,66.022224
TEST_344,43.044933,55.40956
TEST_345,31.098621,37.51499
TEST_346,21.0924,37.707924
TEST_347,54.833614,66.42324
TEST_348,16.49618,30.925014
TEST_349,52.295155,72.65802
TEST_350,11.171951,18.310623
TEST_351,14.41859,30.209482
TEST_352,17.766474,31.976507
TEST_353,44.155754,59.880833
TEST_354,38.53628,59.61314
TEST_355,12.433574,20.959404
TEST_356,72.75897,90.185295
TEST_357,20.645468,38.77624
TEST_358,14.1965065,24.432476
TEST_359,26.320742,53.253197
TEST_360,24.398281,41.151093
TEST_361,13.279419,21.79032
TEST_362,52.47851,66.54862
TEST_363,37.95118,52.537857
TEST_364,37.817055,47.061176
TEST_365,45.06158,67.78218
TEST_366,6.963974,15.794352
TEST_367,36.3777,61.09808
TEST_368,48.741215,68.45962
TEST_369,68.57419,79.78786
TEST_370,31.627157,56.117672
TEST_371,70.16688,81.06904
TEST_372,43.722775,59.605618
TEST_373,14.472672,29.616264
TEST_374,23.217207,44.451992
TEST_375,64.44373,80.331635
TEST_376,8.5231905,17.30849
TEST_377,26.489822,46.557922
TEST_378,19.19916,33.21208
TEST_379,32.49688,46.967983
TEST_380,23.262453,39.512238
TEST_381,20.181114,32.135406
TEST_382,60.64418,75.86536
TEST_383,16.730698,27.698057
TEST_384,38.883476,49.574055
TEST_385,43.494083,68.632805
TEST_386,34.80552,53.793053
TEST_387,54.790718,66.44601
TEST_388,23.491861,34.664364
TEST_389,19.380388,34.069027
TEST_390,58.76666,73.54637
TEST_391,20.072493,33.59229
TEST_392,24.268368,34.470676
TEST_393,35.232185,49.910038
TEST_394,19.082788,31.046324
TEST_395,53.827507,66.996216
TEST_396,51.687336,70.87832
TEST_397,22.054882,40.568687
TEST_398,29.94662,46.027508
TEST_399,54.24952,77.85941
TEST_400,57.074287,75.29406
TEST_401,52.390865,69.01842
TEST_402,28.239895,44.985672
TEST_403,52.72129,67.62409
TEST_404,42.280582,55.92407
TEST_405,60.071144,73.42294
TEST_406,43.036316,67.41973
TEST_407,39.172234,57.357506
TEST_408,57.598537,69.90235
TEST_409,43.288315,57.11548
TEST_410,61.633183,74.8392
TEST_411,11.643773,32.622913
TEST_412,59.661148,81.79587
TEST_413,19.963305,37.61546
TEST_414,69.29419,96.94678
TEST_415,16.458824,30.072235
TEST_416,67.20787,90.07368
TEST_417,29.957514,49.63423
TEST_418,67.22382,87.269905
TEST_419,41.23759,59.929054
TEST_420,17.179659,31.430777
TEST_421,42.393143,56.91701
TEST_422,25.364815,43.648937
TEST_423,38.529724,56.530888
TEST_424,58.469868,69.03687
TEST_425,36.51783,56.98997
TEST_426,55.219707,82.50731
TEST_427,24.511066,34.585243
TEST_428,48.12321,71.11183
TEST_429,42.644436,48.155502
TEST_430,66.06239,90.531555
TEST_431,43.50254,56.802265
TEST_432,29.68614,39.648094
TEST_433,77.998535,88.380005
TEST_434,12.829918,31.131071
TEST_435,60.268665,70.76793
TEST_436,14.579674,30.522533
TEST_437,47.49795,62.965164
TEST_438,46.82974,64.35126
TEST_439,15.514436,25.247946
TEST_440,49.854397,63.104813
TEST_441,54.22246,84.56902
TEST_442,28.775486,40.07364
TEST_443,29.452246,42.388214
TEST_444,41.054714,57.547466
TEST_445,48.281292,67.21722
TEST_446,13.606453,29.019733
TEST_447,47.298817,69.12442
TEST_448,9.10016,20.289402
TEST_449,16.7222,30.664503
TEST_450,47.917355,66.00596
TEST_451,23.448666,33.42225
TEST_452,7.318413,13.232941
TEST_453,66.85851,78.670334
TEST_454,56.709614,72.98505
TEST_455,55.79971,77.71747
TEST_456,18.100704,28.256672
TEST_457,9.668402,16.129827
TEST_458,8.405274,13.774702
TEST_459,14.605476,29.575207
TEST_460,10.9430685,17.82151
TEST_461,68.965065,80.86118
TEST_462,25.909071,37.131824
TEST_463,15.620786,27.271114
TEST_464,54.33361,68.162575
TEST_465,27.61857,41.09558
TEST_466,19.456306,29.213696
TEST_467,55.722134,73.487564
TEST_468,76.81624,87.14875
TEST_469,37.33286,59.575886
TEST_470,73.364204,86.70136
TEST_471,29.613125,45.368305
TEST_472,15.822726,33.361786
TEST_473,14.033731,31.499098
TEST_474,54.75518,68.45729
TEST_475,52.485954,64.20318
TEST_476,23.753836,34.89477
TEST_477,6.9366884,13.5226
TEST_478,10.92914,22.089611
TEST_479,65.25797,79.38357
TEST_480,27.328148,45.184006
TEST_481,55.619934,72.87408
TEST_482,25.158438,53.150238
